-- MariaDB dump 10.19  Distrib 10.4.27-MariaDB, for Win64 (AMD64)
--
-- Host: localhost    Database: amimpharmacy
-- ------------------------------------------------------
-- Server version	10.4.27-MariaDB

/*!40101 SET @OLD_CHARACTER_SET_CLIENT=@@CHARACTER_SET_CLIENT */;
/*!40101 SET @OLD_CHARACTER_SET_RESULTS=@@CHARACTER_SET_RESULTS */;
/*!40101 SET @OLD_COLLATION_CONNECTION=@@COLLATION_CONNECTION */;
/*!40101 SET NAMES utf8mb4 */;
/*!40103 SET @OLD_TIME_ZONE=@@TIME_ZONE */;
/*!40103 SET TIME_ZONE='+00:00' */;
/*!40014 SET @OLD_UNIQUE_CHECKS=@@UNIQUE_CHECKS, UNIQUE_CHECKS=0 */;
/*!40014 SET @OLD_FOREIGN_KEY_CHECKS=@@FOREIGN_KEY_CHECKS, FOREIGN_KEY_CHECKS=0 */;
/*!40101 SET @OLD_SQL_MODE=@@SQL_MODE, SQL_MODE='NO_AUTO_VALUE_ON_ZERO' */;
/*!40111 SET @OLD_SQL_NOTES=@@SQL_NOTES, SQL_NOTES=0 */;

--
-- Table structure for table `categories`
--

DROP TABLE IF EXISTS `categories`;
/*!40101 SET @saved_cs_client     = @@character_set_client */;
/*!40101 SET character_set_client = utf8 */;
CREATE TABLE `categories` (
  `id` bigint(20) unsigned NOT NULL AUTO_INCREMENT,
  `name` varchar(255) NOT NULL,
  `created_at` timestamp NULL DEFAULT NULL,
  `updated_at` timestamp NULL DEFAULT NULL,
  PRIMARY KEY (`id`)
) ENGINE=InnoDB AUTO_INCREMENT=43 DEFAULT CHARSET=utf8mb4 COLLATE=utf8mb4_unicode_ci;
/*!40101 SET character_set_client = @saved_cs_client */;

--
-- Dumping data for table `categories`
--

LOCK TABLES `categories` WRITE;
/*!40000 ALTER TABLE `categories` DISABLE KEYS */;
INSERT INTO `categories` VALUES (1,'Oral','2024-12-17 05:17:42','2024-12-18 18:22:46'),(2,'Antibiotic','2024-12-17 14:46:43','2024-12-17 14:46:43'),(3,'Antimalarial','2024-12-18 11:16:29','2024-12-18 11:16:29'),(4,'Antibiotic','2024-12-18 11:16:29','2024-12-18 11:16:29'),(5,'Antiretroviral (ARVs)','2024-12-18 11:16:29','2024-12-18 11:16:29'),(6,'Analgesics (Pain relievers)','2024-12-18 11:16:29','2024-12-18 11:16:29'),(7,'Antipyretics (Fever reducers)','2024-12-18 11:16:29','2024-12-18 11:16:29'),(8,'Antifungal','2024-12-18 11:16:29','2024-12-18 11:16:29'),(9,'Antidiabetic','2024-12-18 11:16:29','2024-12-18 11:16:29'),(10,'Antihypertensive','2024-12-18 11:16:29','2024-12-18 11:16:29'),(11,'Immunosuppressants','2024-12-18 11:16:29','2024-12-18 11:16:29'),(12,'Antacids','2024-12-18 11:16:29','2024-12-18 11:16:29'),(13,'Vitamins and Supplements','2024-12-18 11:16:29','2024-12-18 11:16:29'),(14,'Anticonvulsants','2024-12-18 11:16:29','2024-12-18 11:16:29'),(15,'Steroids','2024-12-18 11:16:29','2024-12-18 11:16:29'),(16,'Cough and Cold Medications','2024-12-18 11:16:29','2024-12-18 11:16:29'),(17,'Inhalers (Asthma, COPD)','2024-12-18 11:16:29','2024-12-18 11:16:29'),(18,'Anticancer Drugs','2024-12-18 11:16:29','2024-12-18 11:16:29'),(19,'Vaccines','2024-12-18 11:16:29','2024-12-18 11:16:29'),(20,'Wound Care (Dressings, Antiseptics)','2024-12-18 11:16:29','2024-12-18 11:16:29'),(21,'Gastrointestinal Drugs (Laxatives, Antidiarrheals)','2024-12-18 11:16:29','2024-12-18 11:16:29'),(22,'Topical Creams (for skin conditions)','2024-12-18 11:16:29','2024-12-18 11:16:29'),(23,'Diuretics (Water Pills)','2024-12-18 11:17:32','2024-12-18 11:17:32'),(24,'Hormonal Therapy (Thyroid medications, Contraceptives)','2024-12-18 11:17:32','2024-12-18 11:17:32'),(25,'Laxatives','2024-12-18 11:17:32','2024-12-18 11:17:32'),(26,'Psychotropic Drugs (Antidepressants, Antipsychotics)','2024-12-18 11:17:32','2024-12-18 11:17:32'),(27,'Cholesterol-lowering Drugs (Statins)','2024-12-18 11:17:32','2024-12-18 11:17:32'),(28,'Probiotics','2024-12-18 11:17:32','2024-12-18 11:17:32'),(29,'Herbal Medicines','2024-12-18 11:17:32','2024-12-18 11:17:32'),(30,'Anti-inflammatory Drugs (NSAIDs)','2024-12-18 11:17:32','2024-12-18 11:17:32'),(31,'Pain Management (Opioids)','2024-12-18 11:17:32','2024-12-18 11:17:32'),(32,'Antiplatelet Agents (Blood Thinners)','2024-12-18 11:17:32','2024-12-18 11:17:32'),(33,'Antiemetics (Anti-nausea drugs)','2024-12-18 11:17:32','2024-12-18 11:17:32'),(34,'Anticoagulants (Heparin)','2024-12-18 11:17:32','2024-12-18 11:17:32'),(35,'Hemostatic Agents (for controlling bleeding)','2024-12-18 11:17:32','2024-12-18 11:17:32'),(36,'Sedatives (for anxiety, insomnia)','2024-12-18 11:17:32','2024-12-18 11:17:32'),(37,'Ophthalmic Drugs (Eye drops)','2024-12-18 11:17:32','2024-12-18 11:17:32'),(38,'Antiseptic Solutions','2024-12-18 11:17:32','2024-12-18 11:17:32'),(39,'Local Anesthetics','2024-12-18 11:17:32','2024-12-18 11:17:32'),(40,'Antibiotic Creams/Ointments','2024-12-18 11:17:32','2024-12-18 11:17:32'),(41,'Anti-itch Creams/Ointments','2024-12-18 11:17:32','2024-12-18 11:17:32'),(42,'Viral Load Test Drugs (for managing HIV/AIDS)','2024-12-18 11:17:32','2024-12-18 11:17:32');
/*!40000 ALTER TABLE `categories` ENABLE KEYS */;
UNLOCK TABLES;

--
-- Table structure for table `failed_jobs`
--

DROP TABLE IF EXISTS `failed_jobs`;
/*!40101 SET @saved_cs_client     = @@character_set_client */;
/*!40101 SET character_set_client = utf8 */;
CREATE TABLE `failed_jobs` (
  `id` bigint(20) unsigned NOT NULL AUTO_INCREMENT,
  `uuid` varchar(255) NOT NULL,
  `connection` text NOT NULL,
  `queue` text NOT NULL,
  `payload` longtext NOT NULL,
  `exception` longtext NOT NULL,
  `failed_at` timestamp NOT NULL DEFAULT current_timestamp(),
  PRIMARY KEY (`id`),
  UNIQUE KEY `failed_jobs_uuid_unique` (`uuid`)
) ENGINE=InnoDB DEFAULT CHARSET=utf8mb4 COLLATE=utf8mb4_unicode_ci;
/*!40101 SET character_set_client = @saved_cs_client */;

--
-- Dumping data for table `failed_jobs`
--

LOCK TABLES `failed_jobs` WRITE;
/*!40000 ALTER TABLE `failed_jobs` DISABLE KEYS */;
/*!40000 ALTER TABLE `failed_jobs` ENABLE KEYS */;
UNLOCK TABLES;

--
-- Table structure for table `migrations`
--

DROP TABLE IF EXISTS `migrations`;
/*!40101 SET @saved_cs_client     = @@character_set_client */;
/*!40101 SET character_set_client = utf8 */;
CREATE TABLE `migrations` (
  `id` int(10) unsigned NOT NULL AUTO_INCREMENT,
  `migration` varchar(255) NOT NULL,
  `batch` int(11) NOT NULL,
  PRIMARY KEY (`id`)
) ENGINE=InnoDB AUTO_INCREMENT=17 DEFAULT CHARSET=utf8mb4 COLLATE=utf8mb4_unicode_ci;
/*!40101 SET character_set_client = @saved_cs_client */;

--
-- Dumping data for table `migrations`
--

LOCK TABLES `migrations` WRITE;
/*!40000 ALTER TABLE `migrations` DISABLE KEYS */;
INSERT INTO `migrations` VALUES (1,'2014_10_00_000000_create_settings_table',1),(2,'2014_10_00_000001_add_group_column_on_settings_table',1),(3,'2014_10_12_000000_create_users_table',1),(4,'2014_10_12_100000_create_password_resets_table',1),(5,'2019_08_19_000000_create_failed_jobs_table',1),(6,'2019_12_14_000001_create_personal_access_tokens_table',1),(7,'2022_02_08_163417_create_notifications_table',1),(8,'2022_02_08_164147_create_permission_tables',1),(9,'2022_02_09_140912_add_avatar_column_to_users_table',1),(10,'2022_02_09_150108_create_suppliers_table',1),(11,'2022_02_11_121758_create_categories_table',1),(12,'2022_02_11_124140_create_purchases_table',1),(13,'2022_02_17_150256_create_products_table',1),(14,'2022_02_18_153409_create_sales_table',1),(16,'2024_12_18_042754_add_batch_number_to_purchases_table',2);
/*!40000 ALTER TABLE `migrations` ENABLE KEYS */;
UNLOCK TABLES;

--
-- Table structure for table `model_has_permissions`
--

DROP TABLE IF EXISTS `model_has_permissions`;
/*!40101 SET @saved_cs_client     = @@character_set_client */;
/*!40101 SET character_set_client = utf8 */;
CREATE TABLE `model_has_permissions` (
  `permission_id` bigint(20) unsigned NOT NULL,
  `model_type` varchar(255) NOT NULL,
  `model_id` bigint(20) unsigned NOT NULL,
  PRIMARY KEY (`permission_id`,`model_id`,`model_type`),
  KEY `model_has_permissions_model_id_model_type_index` (`model_id`,`model_type`),
  CONSTRAINT `model_has_permissions_permission_id_foreign` FOREIGN KEY (`permission_id`) REFERENCES `permissions` (`id`) ON DELETE CASCADE
) ENGINE=InnoDB DEFAULT CHARSET=utf8mb4 COLLATE=utf8mb4_unicode_ci;
/*!40101 SET character_set_client = @saved_cs_client */;

--
-- Dumping data for table `model_has_permissions`
--

LOCK TABLES `model_has_permissions` WRITE;
/*!40000 ALTER TABLE `model_has_permissions` DISABLE KEYS */;
/*!40000 ALTER TABLE `model_has_permissions` ENABLE KEYS */;
UNLOCK TABLES;

--
-- Table structure for table `model_has_roles`
--

DROP TABLE IF EXISTS `model_has_roles`;
/*!40101 SET @saved_cs_client     = @@character_set_client */;
/*!40101 SET character_set_client = utf8 */;
CREATE TABLE `model_has_roles` (
  `role_id` bigint(20) unsigned NOT NULL,
  `model_type` varchar(255) NOT NULL,
  `model_id` bigint(20) unsigned NOT NULL,
  PRIMARY KEY (`role_id`,`model_id`,`model_type`),
  KEY `model_has_roles_model_id_model_type_index` (`model_id`,`model_type`),
  CONSTRAINT `model_has_roles_role_id_foreign` FOREIGN KEY (`role_id`) REFERENCES `roles` (`id`) ON DELETE CASCADE
) ENGINE=InnoDB DEFAULT CHARSET=utf8mb4 COLLATE=utf8mb4_unicode_ci;
/*!40101 SET character_set_client = @saved_cs_client */;

--
-- Dumping data for table `model_has_roles`
--

LOCK TABLES `model_has_roles` WRITE;
/*!40000 ALTER TABLE `model_has_roles` DISABLE KEYS */;
INSERT INTO `model_has_roles` VALUES (1,'App\\Models\\User',16),(1,'App\\Models\\User',18),(2,'App\\Models\\User',1);
/*!40000 ALTER TABLE `model_has_roles` ENABLE KEYS */;
UNLOCK TABLES;

--
-- Table structure for table `notifications`
--

DROP TABLE IF EXISTS `notifications`;
/*!40101 SET @saved_cs_client     = @@character_set_client */;
/*!40101 SET character_set_client = utf8 */;
CREATE TABLE `notifications` (
  `id` char(36) NOT NULL,
  `type` varchar(255) NOT NULL,
  `notifiable_type` varchar(255) NOT NULL,
  `notifiable_id` bigint(20) unsigned NOT NULL,
  `data` text NOT NULL,
  `read_at` timestamp NULL DEFAULT NULL,
  `created_at` timestamp NULL DEFAULT NULL,
  `updated_at` timestamp NULL DEFAULT NULL,
  PRIMARY KEY (`id`),
  KEY `notifications_notifiable_type_notifiable_id_index` (`notifiable_type`,`notifiable_id`)
) ENGINE=InnoDB DEFAULT CHARSET=utf8mb4 COLLATE=utf8mb4_unicode_ci;
/*!40101 SET character_set_client = @saved_cs_client */;

--
-- Dumping data for table `notifications`
--

LOCK TABLES `notifications` WRITE;
/*!40000 ALTER TABLE `notifications` DISABLE KEYS */;
/*!40000 ALTER TABLE `notifications` ENABLE KEYS */;
UNLOCK TABLES;

--
-- Table structure for table `password_resets`
--

DROP TABLE IF EXISTS `password_resets`;
/*!40101 SET @saved_cs_client     = @@character_set_client */;
/*!40101 SET character_set_client = utf8 */;
CREATE TABLE `password_resets` (
  `email` varchar(255) NOT NULL,
  `token` varchar(255) NOT NULL,
  `created_at` timestamp NULL DEFAULT NULL,
  KEY `password_resets_email_index` (`email`)
) ENGINE=InnoDB DEFAULT CHARSET=utf8mb4 COLLATE=utf8mb4_unicode_ci;
/*!40101 SET character_set_client = @saved_cs_client */;

--
-- Dumping data for table `password_resets`
--

LOCK TABLES `password_resets` WRITE;
/*!40000 ALTER TABLE `password_resets` DISABLE KEYS */;
INSERT INTO `password_resets` VALUES ('elishahaule@gmail.com','$2y$10$3XKlOCIP/aW0YrZ.pEQa8OktUntxxu5xkA63dA9sdRwtqeqRFArwa','2024-12-23 03:04:09');
/*!40000 ALTER TABLE `password_resets` ENABLE KEYS */;
UNLOCK TABLES;

--
-- Table structure for table `permissions`
--

DROP TABLE IF EXISTS `permissions`;
/*!40101 SET @saved_cs_client     = @@character_set_client */;
/*!40101 SET character_set_client = utf8 */;
CREATE TABLE `permissions` (
  `id` bigint(20) unsigned NOT NULL AUTO_INCREMENT,
  `name` varchar(255) NOT NULL,
  `guard_name` varchar(255) NOT NULL,
  `created_at` timestamp NULL DEFAULT NULL,
  `updated_at` timestamp NULL DEFAULT NULL,
  PRIMARY KEY (`id`),
  UNIQUE KEY `permissions_name_guard_name_unique` (`name`,`guard_name`)
) ENGINE=InnoDB AUTO_INCREMENT=40 DEFAULT CHARSET=utf8mb4 COLLATE=utf8mb4_unicode_ci;
/*!40101 SET character_set_client = @saved_cs_client */;

--
-- Dumping data for table `permissions`
--

LOCK TABLES `permissions` WRITE;
/*!40000 ALTER TABLE `permissions` DISABLE KEYS */;
INSERT INTO `permissions` VALUES (1,'view-sales','web',NULL,NULL),(2,'create-sale','web',NULL,NULL),(3,'destroy-sale','web',NULL,NULL),(4,'edit-sale','web',NULL,NULL),(5,'view-reports','web',NULL,NULL),(6,'view-category','web',NULL,NULL),(7,'create-category','web',NULL,NULL),(8,'destroy-category','web',NULL,NULL),(9,'edit-category','web',NULL,NULL),(10,'view-products','web',NULL,NULL),(11,'create-product','web',NULL,NULL),(12,'edit-product','web',NULL,NULL),(13,'destroy-product','web',NULL,NULL),(14,'view-purchase','web',NULL,NULL),(15,'create-purchase','web',NULL,NULL),(16,'edit-purchase','web',NULL,NULL),(17,'destroy-purchase','web',NULL,NULL),(18,'view-supplier','web',NULL,NULL),(19,'create-supplier','web',NULL,NULL),(20,'edit-supplier','web',NULL,NULL),(21,'destroy-supplier','web',NULL,NULL),(22,'view-users','web',NULL,NULL),(23,'create-user','web',NULL,NULL),(24,'edit-user','web',NULL,NULL),(25,'destroy-user','web',NULL,NULL),(26,'view-access-control','web',NULL,NULL),(27,'view-role','web',NULL,NULL),(28,'edit-role','web',NULL,NULL),(29,'destroy-role','web',NULL,NULL),(30,'create-role','web',NULL,NULL),(31,'view-permission','web',NULL,NULL),(32,'create-permission','web',NULL,NULL),(33,'edit-permission','web',NULL,NULL),(34,'destroy-permission','web',NULL,NULL),(35,'view-expired-products','web',NULL,NULL),(36,'view-outstock-products','web',NULL,NULL),(37,'backup-app','web',NULL,NULL),(38,'backup-db','web',NULL,NULL),(39,'view-settings','web',NULL,NULL);
/*!40000 ALTER TABLE `permissions` ENABLE KEYS */;
UNLOCK TABLES;

--
-- Table structure for table `personal_access_tokens`
--

DROP TABLE IF EXISTS `personal_access_tokens`;
/*!40101 SET @saved_cs_client     = @@character_set_client */;
/*!40101 SET character_set_client = utf8 */;
CREATE TABLE `personal_access_tokens` (
  `id` bigint(20) unsigned NOT NULL AUTO_INCREMENT,
  `tokenable_type` varchar(255) NOT NULL,
  `tokenable_id` bigint(20) unsigned NOT NULL,
  `name` varchar(255) NOT NULL,
  `token` varchar(64) NOT NULL,
  `abilities` text DEFAULT NULL,
  `last_used_at` timestamp NULL DEFAULT NULL,
  `created_at` timestamp NULL DEFAULT NULL,
  `updated_at` timestamp NULL DEFAULT NULL,
  PRIMARY KEY (`id`),
  UNIQUE KEY `personal_access_tokens_token_unique` (`token`),
  KEY `personal_access_tokens_tokenable_type_tokenable_id_index` (`tokenable_type`,`tokenable_id`)
) ENGINE=InnoDB DEFAULT CHARSET=utf8mb4 COLLATE=utf8mb4_unicode_ci;
/*!40101 SET character_set_client = @saved_cs_client */;

--
-- Dumping data for table `personal_access_tokens`
--

LOCK TABLES `personal_access_tokens` WRITE;
/*!40000 ALTER TABLE `personal_access_tokens` DISABLE KEYS */;
/*!40000 ALTER TABLE `personal_access_tokens` ENABLE KEYS */;
UNLOCK TABLES;

--
-- Table structure for table `products`
--

DROP TABLE IF EXISTS `products`;
/*!40101 SET @saved_cs_client     = @@character_set_client */;
/*!40101 SET character_set_client = utf8 */;
CREATE TABLE `products` (
  `id` bigint(20) unsigned NOT NULL AUTO_INCREMENT,
  `purchase_id` bigint(20) unsigned DEFAULT NULL,
  `price` decimal(8,2) NOT NULL,
  `discount` decimal(8,2) NOT NULL DEFAULT 0.00,
  `description` text DEFAULT NULL,
  `deleted_at` timestamp NULL DEFAULT NULL,
  `created_at` timestamp NULL DEFAULT NULL,
  `updated_at` timestamp NULL DEFAULT NULL,
  PRIMARY KEY (`id`),
  KEY `products_purchase_id_foreign` (`purchase_id`),
  CONSTRAINT `products_purchase_id_foreign` FOREIGN KEY (`purchase_id`) REFERENCES `purchases` (`id`) ON DELETE CASCADE
) ENGINE=InnoDB AUTO_INCREMENT=155 DEFAULT CHARSET=utf8mb4 COLLATE=utf8mb4_unicode_ci;
/*!40101 SET character_set_client = @saved_cs_client */;

--
-- Dumping data for table `products`
--

LOCK TABLES `products` WRITE;
/*!40000 ALTER TABLE `products` DISABLE KEYS */;
INSERT INTO `products` VALUES (5,7,200.00,0.00,'1 TAB OD',NULL,'2024-12-23 04:58:40','2024-12-23 04:58:40'),(6,8,300.00,0.00,NULL,NULL,'2024-12-23 05:05:18','2024-12-23 05:05:18'),(7,9,200.00,0.00,NULL,NULL,'2024-12-23 05:08:47','2024-12-23 05:08:47'),(8,10,200.00,0.00,NULL,NULL,'2024-12-23 05:11:07','2024-12-23 05:11:07'),(9,11,14000.00,0.00,NULL,NULL,'2024-12-23 05:18:38','2024-12-23 05:18:38'),(10,12,100.00,0.00,NULL,NULL,'2024-12-23 05:22:09','2024-12-23 05:22:09'),(11,13,100.00,0.00,NULL,NULL,'2024-12-23 05:26:09','2024-12-23 05:26:09'),(12,14,3000.00,0.00,NULL,NULL,'2024-12-23 05:28:55','2024-12-23 05:28:55'),(13,15,10000.00,0.00,NULL,NULL,'2024-12-23 05:32:44','2024-12-23 05:32:44'),(14,16,3000.00,0.00,NULL,NULL,'2024-12-23 05:38:57','2024-12-23 05:38:57'),(15,17,150.00,0.00,NULL,NULL,'2024-12-23 05:48:56','2024-12-23 05:48:56'),(16,18,500.00,0.00,NULL,NULL,'2024-12-23 05:53:56','2024-12-23 05:53:56'),(17,19,600.00,0.00,NULL,NULL,'2024-12-23 05:58:35','2024-12-23 05:58:35'),(18,20,700.00,0.00,NULL,NULL,'2024-12-23 06:01:49','2024-12-23 06:01:49'),(19,21,600.00,0.00,NULL,NULL,'2024-12-23 06:05:17','2024-12-23 06:05:17'),(20,22,600.00,0.00,NULL,NULL,'2024-12-23 06:07:23','2024-12-23 06:07:23'),(21,23,3000.00,0.00,NULL,NULL,'2024-12-23 06:09:14','2024-12-23 06:09:14'),(22,24,3000.00,0.00,NULL,NULL,'2024-12-23 06:12:20','2024-12-23 06:12:20'),(23,25,8000.00,0.00,NULL,NULL,'2024-12-23 06:18:22','2024-12-23 06:18:22'),(24,26,5000.00,0.00,NULL,NULL,'2024-12-23 06:22:40','2024-12-23 06:22:40'),(25,27,30000.00,0.00,NULL,NULL,'2024-12-23 06:26:37','2024-12-23 06:26:37'),(26,28,500.00,0.00,NULL,NULL,'2024-12-23 06:29:24','2024-12-23 06:29:24'),(27,29,8000.00,0.00,NULL,NULL,'2024-12-23 06:31:56','2024-12-23 06:31:56'),(28,30,600.00,0.00,NULL,NULL,'2024-12-23 06:35:11','2024-12-23 06:35:11'),(29,31,150.00,0.00,NULL,NULL,'2024-12-23 06:38:38','2024-12-23 06:38:38'),(30,32,300.00,0.00,NULL,NULL,'2024-12-23 06:42:02','2024-12-23 06:42:02'),(31,33,150.00,0.00,NULL,NULL,'2024-12-23 06:46:04','2024-12-23 06:46:04'),(32,34,5000.00,0.00,NULL,NULL,'2024-12-23 06:47:51','2024-12-23 06:47:51'),(33,35,6000.00,0.00,NULL,NULL,'2024-12-23 06:49:44','2024-12-23 06:49:44'),(34,36,9000.00,0.00,NULL,NULL,'2024-12-23 06:51:37','2024-12-23 06:51:37'),(35,37,5000.00,0.00,NULL,NULL,'2024-12-23 07:17:47','2024-12-23 07:17:47'),(36,38,7000.00,0.00,NULL,NULL,'2024-12-24 03:52:07','2024-12-24 03:52:07'),(37,39,10000.00,0.00,NULL,NULL,'2024-12-24 03:56:01','2024-12-24 03:56:01'),(38,40,5000.00,0.00,NULL,NULL,'2024-12-24 03:59:48','2024-12-24 03:59:48'),(39,41,9000.00,0.00,NULL,NULL,'2024-12-24 04:03:45','2024-12-24 04:03:45'),(40,42,3000.00,0.00,NULL,NULL,'2024-12-24 04:23:19','2024-12-24 04:23:19'),(41,43,8000.00,0.00,NULL,NULL,'2024-12-24 04:26:44','2024-12-24 04:26:44'),(42,44,8500.00,0.00,NULL,NULL,'2024-12-24 04:29:26','2024-12-24 04:29:26'),(43,45,500.00,0.00,NULL,NULL,'2024-12-24 04:35:24','2024-12-24 04:35:24'),(44,46,30000.00,0.00,NULL,NULL,'2024-12-24 04:39:54','2024-12-24 04:39:54'),(45,47,30000.00,0.00,NULL,NULL,'2024-12-24 04:47:01','2024-12-24 04:47:01'),(46,48,32000.00,0.00,NULL,NULL,'2024-12-24 04:50:45','2024-12-24 04:50:45'),(47,49,250.00,0.00,NULL,NULL,'2024-12-24 04:55:23','2024-12-24 04:55:23'),(48,50,22000.00,0.00,NULL,NULL,'2024-12-24 05:00:39','2024-12-24 05:00:39'),(49,51,3500.00,0.00,NULL,NULL,'2024-12-24 05:11:09','2024-12-24 05:11:09'),(50,52,2500.00,0.00,NULL,NULL,'2024-12-24 05:14:07','2024-12-24 05:14:07'),(51,53,2500.00,0.00,NULL,NULL,'2024-12-24 05:19:27','2024-12-24 05:19:27'),(52,54,20000.00,0.00,NULL,NULL,'2024-12-24 05:23:26','2024-12-24 05:23:26'),(53,55,13000.00,0.00,NULL,NULL,'2024-12-24 05:28:12','2024-12-24 05:28:12'),(54,56,2000.00,0.00,NULL,NULL,'2024-12-24 05:34:17','2024-12-24 05:34:17'),(55,57,1000.00,0.00,NULL,NULL,'2024-12-24 05:38:27','2024-12-24 05:38:27'),(56,58,4000.00,0.00,NULL,NULL,'2024-12-24 05:44:25','2024-12-24 05:44:25'),(57,61,4000.00,0.00,NULL,NULL,'2024-12-24 05:54:34','2024-12-24 05:54:34'),(58,60,4000.00,0.00,NULL,NULL,'2024-12-24 05:55:33','2024-12-24 05:55:33'),(59,62,4000.00,0.00,NULL,NULL,'2024-12-24 05:58:03','2024-12-24 05:58:03'),(60,63,6000.00,0.00,NULL,NULL,'2024-12-24 06:03:19','2024-12-24 06:03:19'),(61,64,6000.00,0.00,NULL,NULL,'2024-12-24 06:07:36','2024-12-24 06:07:36'),(62,65,3000.00,0.00,NULL,NULL,'2024-12-24 06:10:38','2024-12-24 06:10:38'),(63,66,1000.00,0.00,NULL,NULL,'2024-12-24 06:14:30','2024-12-24 06:14:30'),(64,67,1000.00,0.00,NULL,NULL,'2024-12-24 06:17:08','2024-12-24 06:17:08'),(65,68,10000.00,0.00,NULL,NULL,'2024-12-24 06:21:09','2024-12-24 06:21:09'),(66,69,1500.00,0.00,NULL,NULL,'2024-12-24 06:26:24','2024-12-24 06:26:24'),(67,70,4000.00,0.00,NULL,NULL,'2024-12-24 06:31:42','2024-12-24 06:31:42'),(68,71,20000.00,0.00,NULL,NULL,'2024-12-24 06:36:44','2024-12-24 06:36:44'),(69,72,8000.00,0.00,NULL,NULL,'2024-12-24 06:40:25','2024-12-24 06:40:25'),(70,73,1000.00,0.00,NULL,NULL,'2024-12-24 06:44:38','2024-12-24 06:44:38'),(71,74,22000.00,0.00,NULL,NULL,'2024-12-24 06:52:47','2024-12-24 06:52:47'),(72,75,1000.00,0.00,NULL,NULL,'2024-12-24 06:56:52','2024-12-24 06:56:52'),(73,76,15000.00,0.00,NULL,NULL,'2024-12-24 07:01:12','2024-12-24 07:01:12'),(74,77,10000.00,0.00,NULL,NULL,'2024-12-24 07:05:23','2024-12-24 07:05:23'),(75,78,3000.00,0.00,NULL,NULL,'2024-12-24 07:08:16','2024-12-24 07:08:16'),(76,79,2500.00,0.00,NULL,NULL,'2024-12-24 07:11:01','2024-12-24 07:11:01'),(77,80,1500.00,0.00,NULL,NULL,'2024-12-24 07:19:29','2024-12-24 07:19:29'),(78,81,1500.00,0.00,NULL,NULL,'2024-12-24 07:23:41','2024-12-24 07:23:41'),(79,82,2500.00,0.00,NULL,NULL,'2024-12-24 07:28:59','2024-12-24 07:28:59'),(80,83,20000.00,0.00,NULL,NULL,'2024-12-24 07:32:50','2024-12-24 07:32:50'),(81,84,6000.00,0.00,NULL,NULL,'2024-12-24 08:40:34','2024-12-24 08:40:34'),(82,85,1000.00,0.00,NULL,NULL,'2024-12-24 08:45:30','2024-12-24 08:45:30'),(83,86,3500.00,0.00,NULL,NULL,'2024-12-24 08:51:38','2024-12-24 08:51:38'),(84,87,2500.00,0.00,NULL,NULL,'2024-12-24 09:00:31','2024-12-24 09:00:31'),(85,88,5000.00,0.00,NULL,NULL,'2024-12-24 09:04:59','2024-12-24 09:04:59'),(86,89,500.00,0.00,NULL,NULL,'2024-12-24 09:09:53','2024-12-24 09:09:53'),(87,90,300.00,0.00,NULL,NULL,'2024-12-24 09:14:50','2024-12-24 09:14:50'),(88,91,500.00,0.00,NULL,NULL,'2024-12-24 09:18:06','2024-12-24 09:18:06'),(89,92,100.00,0.00,NULL,NULL,'2024-12-24 09:20:31','2024-12-24 09:20:31'),(90,93,600.00,0.00,NULL,NULL,'2024-12-24 09:23:47','2024-12-24 09:23:47'),(91,94,100.00,0.00,NULL,NULL,'2024-12-24 09:26:48','2024-12-24 09:26:48'),(92,95,1000.00,0.00,NULL,NULL,'2024-12-24 09:29:38','2024-12-24 09:29:38'),(93,96,700.00,0.00,NULL,NULL,'2024-12-24 09:31:46','2024-12-24 09:31:46'),(94,97,1000.00,0.00,NULL,NULL,'2024-12-24 09:34:08','2024-12-24 09:34:08'),(95,98,7000.00,0.00,NULL,NULL,'2024-12-24 09:36:18','2024-12-24 09:36:18'),(96,99,2500.00,0.00,NULL,NULL,'2024-12-24 09:38:50','2024-12-24 09:38:50'),(97,100,50.00,0.00,NULL,NULL,'2024-12-24 09:41:18','2024-12-24 09:42:21'),(98,101,2500.00,0.00,NULL,NULL,'2024-12-24 09:48:05','2024-12-24 09:48:05'),(99,102,200.00,0.00,NULL,NULL,'2024-12-24 09:52:17','2024-12-24 09:52:17'),(100,103,2500.00,0.00,NULL,NULL,'2024-12-24 09:55:44','2024-12-24 09:55:44'),(101,104,3000.00,0.00,NULL,NULL,'2024-12-24 09:58:16','2024-12-24 09:58:16'),(102,105,7000.00,0.00,NULL,NULL,'2024-12-24 10:01:59','2024-12-24 10:01:59'),(103,106,10000.00,0.00,NULL,NULL,'2024-12-24 10:06:16','2024-12-24 10:06:16'),(104,107,12000.00,0.00,NULL,NULL,'2024-12-24 10:08:39','2024-12-24 10:08:39'),(105,108,10000.00,0.00,NULL,NULL,'2024-12-24 10:11:30','2024-12-24 10:11:30'),(106,109,500.00,0.00,NULL,NULL,'2024-12-24 10:21:33','2024-12-24 10:21:33'),(107,110,800.00,0.00,NULL,NULL,'2024-12-24 10:26:38','2024-12-24 10:26:38'),(108,111,500.00,0.00,NULL,NULL,'2024-12-24 10:33:03','2024-12-24 10:33:03'),(109,112,3500.00,0.00,NULL,NULL,'2024-12-24 10:35:35','2024-12-24 10:35:35'),(110,113,900.00,0.00,NULL,NULL,'2024-12-24 10:38:45','2024-12-24 10:38:45'),(111,114,3000.00,0.00,NULL,NULL,'2024-12-24 10:41:25','2024-12-24 10:41:25'),(112,115,7000.00,0.00,NULL,NULL,'2024-12-24 10:43:46','2024-12-24 10:43:46'),(113,116,3500.00,0.00,NULL,NULL,'2024-12-24 10:48:02','2024-12-24 10:48:02'),(114,117,2000.00,0.00,NULL,NULL,'2024-12-24 10:51:27','2024-12-24 10:51:27'),(115,118,3500.00,0.00,NULL,NULL,'2024-12-24 10:54:26','2024-12-24 10:54:26'),(116,119,8000.00,0.00,NULL,NULL,'2024-12-24 10:58:45','2024-12-24 10:58:45'),(117,120,100.00,0.00,NULL,NULL,'2024-12-24 11:03:33','2024-12-29 01:39:53'),(118,121,50.00,0.00,NULL,NULL,'2024-12-24 11:07:36','2024-12-24 11:07:36'),(119,122,1000.00,0.00,NULL,NULL,'2024-12-24 11:13:19','2024-12-24 11:13:19'),(120,123,150.00,0.00,NULL,NULL,'2024-12-24 11:17:53','2024-12-24 11:17:53'),(121,124,2000.00,0.00,NULL,NULL,'2024-12-24 11:20:24','2024-12-24 11:20:24'),(122,125,2000.00,0.00,NULL,NULL,'2024-12-24 11:22:41','2024-12-24 11:22:41'),(123,126,100.00,0.00,NULL,NULL,'2024-12-24 11:25:51','2024-12-24 11:25:51'),(124,127,100.00,0.00,NULL,NULL,'2024-12-24 11:33:10','2024-12-24 11:33:10'),(125,128,6000.00,0.00,NULL,NULL,'2024-12-24 11:36:10','2024-12-24 11:36:10'),(126,129,16000.00,0.00,NULL,NULL,'2024-12-24 11:42:14','2024-12-24 11:42:14'),(127,130,9500.00,0.00,NULL,NULL,'2024-12-24 13:06:32','2024-12-24 13:06:32'),(128,131,2000.00,0.00,NULL,NULL,'2024-12-24 13:12:23','2024-12-24 13:12:23'),(129,132,700.00,0.00,NULL,NULL,'2024-12-24 13:19:39','2024-12-24 13:19:39'),(130,133,50.00,0.00,NULL,NULL,'2024-12-24 13:24:30','2024-12-24 13:24:30'),(131,134,2000.00,0.00,NULL,NULL,'2024-12-24 13:30:25','2024-12-24 13:30:25'),(132,135,2500.00,0.00,NULL,NULL,'2024-12-24 13:36:17','2024-12-24 13:36:17'),(133,136,500.00,0.00,NULL,NULL,'2024-12-24 13:43:48','2024-12-24 13:43:48'),(134,137,3000.00,0.00,NULL,NULL,'2024-12-24 13:47:14','2024-12-24 13:47:14'),(135,138,3000.00,0.00,NULL,NULL,'2024-12-24 13:50:51','2024-12-24 13:50:51'),(136,139,30000.00,0.00,NULL,NULL,'2024-12-24 13:54:33','2024-12-24 13:54:33'),(137,140,1500.00,0.00,NULL,NULL,'2024-12-24 13:59:08','2024-12-24 13:59:08'),(138,141,300.00,0.00,NULL,NULL,'2024-12-24 14:09:14','2024-12-24 14:09:14'),(139,142,1500.00,0.00,NULL,NULL,'2024-12-24 14:13:02','2024-12-24 14:13:02'),(140,143,400.00,0.00,NULL,NULL,'2024-12-24 14:38:23','2024-12-24 14:38:23'),(141,144,4000.00,0.00,NULL,NULL,'2024-12-24 14:44:27','2024-12-24 14:44:27'),(142,145,3500.00,0.00,NULL,NULL,'2024-12-24 14:48:20','2024-12-24 14:48:20'),(143,146,5000.00,0.00,NULL,NULL,'2024-12-24 14:51:24','2024-12-24 14:51:24'),(144,147,7000.00,0.00,NULL,NULL,'2024-12-24 14:55:58','2024-12-24 14:55:58'),(145,149,4000.00,0.00,NULL,NULL,'2024-12-24 15:03:36','2024-12-24 16:58:51'),(146,150,5000.00,0.00,NULL,NULL,'2024-12-24 15:35:02','2024-12-24 15:35:02'),(147,151,1000.00,0.00,NULL,NULL,'2024-12-24 15:47:30','2024-12-24 15:47:30'),(148,152,3000.00,0.00,NULL,NULL,'2024-12-24 15:52:55','2024-12-24 15:52:55'),(149,153,200.00,0.00,NULL,NULL,'2024-12-24 15:58:33','2024-12-24 15:58:33'),(150,154,15000.00,5.00,NULL,NULL,'2024-12-24 16:02:11','2024-12-28 06:49:32'),(151,7,100.00,2.00,'wsws',NULL,'2024-12-28 09:42:35','2024-12-28 09:47:12'),(152,23,14000.00,20.00,'wdwccsdccccecec',NULL,'2024-12-28 10:11:02','2024-12-28 10:11:02'),(153,7,1234.00,0.00,NULL,NULL,'2024-12-29 09:31:07','2024-12-29 09:31:07'),(154,9,10346.00,0.00,'qwertyhujk`',NULL,'2024-12-29 09:49:23','2024-12-29 09:49:54');
/*!40000 ALTER TABLE `products` ENABLE KEYS */;
UNLOCK TABLES;

--
-- Table structure for table `purchases`
--

DROP TABLE IF EXISTS `purchases`;
/*!40101 SET @saved_cs_client     = @@character_set_client */;
/*!40101 SET character_set_client = utf8 */;
CREATE TABLE `purchases` (
  `id` bigint(20) unsigned NOT NULL AUTO_INCREMENT,
  `product` varchar(255) NOT NULL,
  `batch_number` varchar(255) NOT NULL,
  `category_id` bigint(20) unsigned DEFAULT NULL,
  `supplier_id` bigint(20) unsigned DEFAULT NULL,
  `cost_price` decimal(8,2) DEFAULT NULL,
  `quantity` varchar(255) NOT NULL,
  `expiry_date` varchar(255) DEFAULT NULL,
  `image` varchar(255) DEFAULT NULL,
  `created_at` timestamp NULL DEFAULT NULL,
  `updated_at` timestamp NULL DEFAULT NULL,
  PRIMARY KEY (`id`),
  KEY `purchases_category_id_foreign` (`category_id`),
  KEY `purchases_supplier_id_foreign` (`supplier_id`),
  CONSTRAINT `purchases_category_id_foreign` FOREIGN KEY (`category_id`) REFERENCES `categories` (`id`) ON DELETE CASCADE,
  CONSTRAINT `purchases_supplier_id_foreign` FOREIGN KEY (`supplier_id`) REFERENCES `suppliers` (`id`) ON DELETE CASCADE
) ENGINE=InnoDB AUTO_INCREMENT=157 DEFAULT CHARSET=utf8mb4 COLLATE=utf8mb4_unicode_ci;
/*!40101 SET character_set_client = @saved_cs_client */;

--
-- Dumping data for table `purchases`
--

LOCK TABLES `purchases` WRITE;
/*!40000 ALTER TABLE `purchases` DISABLE KEYS */;
INSERT INTO `purchases` VALUES (7,'MELOXICAM 15MG (M-CAM)','BMCH24005',1,1,113.00,'188','2027-08-31',NULL,'2024-12-23 04:57:15','2024-12-30 11:11:59'),(8,'PRE SARTAN H','BUW593005',23,1,126.00,'52','2025-07-31',NULL,'2024-12-23 05:03:08','2024-12-29 09:58:34'),(9,'HYOSCINE (C0SM0S)','240661',1,1,100.00,'84','2027-04-30',NULL,'2024-12-23 05:08:08','2024-12-29 04:43:33'),(10,'HYOSCIN (BISPANOL)','241786',1,1,100.00,'88','2028-08-31',NULL,'2024-12-23 05:10:36','2024-12-29 02:30:43'),(11,'SOFT DROP LUBRICANT EYE DROP','GT19573',37,1,9060.00,'0','2026-11-30',NULL,'2024-12-23 05:13:41','2024-12-29 00:23:44'),(12,'AMOXICILLIN CAPSULE ( AMOXYN)','230801',1,1,46.00,'400','2026-07-31',NULL,'2024-12-23 05:21:35','2024-12-23 05:21:35'),(13,'OMEPRAZOL (ZOSEC)','E16UD23034',1,1,66.00,'40','2025-12-31',NULL,'2024-12-23 05:25:35','2024-12-23 05:25:35'),(14,'MUCOLYN ADULT','2407104',1,1,1730.00,'3','2027-06-30',NULL,'2024-12-23 05:27:46','2024-12-23 05:27:46'),(15,'DUO-COTECXIN','240404',1,1,6980.00,'0','2026-04-30',NULL,'2024-12-23 05:31:39','2024-12-29 00:10:56'),(16,'ZECUF SYRUP','PZF24034',1,1,1960.00,'0','2026-07-30',NULL,'2024-12-23 05:37:47','2024-12-27 17:38:52'),(17,'AMLODIPINE (AMLONG -10)','ACTP0178',1,1,57.00,'26','2027-03-30',NULL,'2024-12-23 05:44:19','2024-12-29 04:41:22'),(18,'TELMISARTAN 40MG(SAFETELMI)','BRDO9251C',1,1,300.00,'56','2026-08-30',NULL,'2024-12-23 05:53:30','2024-12-30 18:58:50'),(19,'TELMISARTAN 40/12.5 (SAFETELMI H)','BREO82280',1,1,320.00,'58','2027-07-30',NULL,'2024-12-23 05:58:14','2024-12-29 09:58:34'),(20,'TELMISARTAN H 80/12.5(SAFETELMI H)','BREO5203A',1,1,338.00,'60','2027-04-30',NULL,'2024-12-23 06:01:38','2024-12-23 06:01:38'),(21,'TELMISARTAN 80/12.5 (SARTEL-80LH)','D2401879',1,1,331.00,'59','2027-07-30',NULL,'2024-12-23 06:05:02','2024-12-29 04:43:33'),(22,'TELMISATAN 80 (SAFETELMI 80)','BREO2233B',1,1,326.00,'59','2027-01-30',NULL,'2024-12-23 06:07:05','2024-12-29 09:58:34'),(23,'POVIDONE IODINE','SBP24010',1,1,1930.00,'0','2027-01-31',NULL,'2024-12-23 06:08:37','2024-12-29 04:21:50'),(24,'POVIDONE IODINE (PYODINE)','128A24',1,1,1930.00,'3','2027-01-30',NULL,'2024-12-23 06:11:52','2024-12-23 06:11:52'),(25,'MUPIROCINE OINTMENT (BACTOPIC 15 G)','1004149',1,1,4620.00,'1','2026-05-30',NULL,'2024-12-23 06:14:45','2024-12-30 19:06:59'),(26,'MUPIROCINE OINTMENT 5 G ( BACTOPIC)','1004250',22,1,2340.00,'0','2026-05-30',NULL,'2024-12-23 06:22:06','2024-12-26 06:22:10'),(27,'GAUZE ROLL','FL-3012',1,1,18280.00,'1','2026-08-07',NULL,'2024-12-23 06:26:01','2024-12-30 19:06:58'),(28,'GAUZE BANDAGE','20240610',1,1,240.00,'24','2029-06-30',NULL,'2024-12-23 06:29:08','2024-12-23 06:29:08'),(29,'SUCRALFATE &OXETACAINE SUSPENSION (SUCRAFIL O GEL)','MO299',1,1,4560.00,'2','2027-04-30',NULL,'2024-12-23 06:31:08','2024-12-23 06:31:08'),(30,'LORAZEPAM (LORIVAN) 2MG TAB','115400',1,1,363.00,'40','2029-03-30',NULL,'2024-12-23 06:34:58','2024-12-23 06:34:58'),(31,'ATENOLOL 50MG (VELORIN)','113699',1,1,79.00,'200','2028-11-30',NULL,'2024-12-23 06:38:24','2024-12-23 06:39:18'),(32,'ISOSORBIDE DINITRATE (ISOREM 10)','114144',1,1,136.00,'50','2029-01-30',NULL,'2024-12-23 06:41:23','2024-12-23 06:41:23'),(33,'AMITRITYLINE 25MG (AMIROL)','113966',1,1,91.00,'100','2028-12-30',NULL,'2024-12-23 06:45:48','2024-12-23 06:45:48'),(34,'BETADERM OINTMENT','2402447',22,1,2790.00,'2','2027-04-30',NULL,'2024-12-23 06:47:35','2024-12-23 06:47:35'),(35,'MUCOGEL ANT ACID','2403881',1,1,3110.00,'2','2027-05-30',NULL,'2024-12-23 06:49:25','2024-12-23 06:49:25'),(36,'KETO PROFEN GEL','4A317',22,1,5120.00,'0','2026-06-30',NULL,'2024-12-23 06:51:00','2024-12-30 19:06:58'),(37,'MUMFER SYRUP 150MLS','10241553',1,1,2790.00,'3','2026-11-30',NULL,'2024-12-23 07:16:04','2024-12-23 07:16:04'),(38,'Candid b cream','10231743',22,1,3540.00,'2','2026-06-30',NULL,'2024-12-24 03:50:04','2024-12-24 03:50:04'),(39,'Candibiotic ear drop','10241461',8,1,5450.00,'2','2026-05-30',NULL,'2024-12-24 03:55:07','2024-12-24 03:55:07'),(40,'Scaboma cream(lindane)','10232531',22,1,3300.00,'2','2027-09-30',NULL,'2024-12-24 03:58:51','2024-12-24 03:58:51'),(41,'Scaboma lotion(lindane)','10232494',22,1,6120.00,'2','2025-08-30',NULL,'2024-12-24 04:02:54','2024-12-24 04:02:54'),(42,'Relcer gel 100ml','10240366',1,1,1530.00,'0','2028-12-28',NULL,'2024-12-24 04:22:33','2024-12-26 06:06:47'),(43,'Scotts emulsion original','Y019AC',1,1,5760.00,'2','2026-02-28',NULL,'2024-12-24 04:25:57','2024-12-24 04:25:57'),(44,'Scotts emulsion orange','Y038AA',1,1,5880.00,'2','2025-02-12',NULL,'2024-12-24 04:28:40','2024-12-24 04:28:40'),(45,'Carofit tab','PA01023',1,1,277.00,'30','2026-12-03',NULL,'2024-12-24 04:34:18','2024-12-24 04:34:18'),(46,'Kiddz vita chewz','PD1645',1,1,23890.00,'1','2026-02-28',NULL,'2024-12-24 04:38:54','2024-12-24 04:38:54'),(47,'Nat C 1000 tab','24C22D2',1,1,23950.00,'2','2028-03-21',NULL,'2024-12-24 04:46:11','2024-12-24 04:46:11'),(48,'Fish oil 1000mg','24D19E2',1,1,26040.00,'2','2027-04-18',NULL,'2024-12-24 04:49:49','2024-12-24 04:49:49'),(49,'Hemovit caps','2409102',1,1,142.00,'60','2027-08-30',NULL,'2024-12-24 04:54:28','2024-12-24 04:54:28'),(50,'zincast baby cream','819B1',22,1,15250.00,'2','2027-02-13',NULL,'2024-12-24 04:59:35','2024-12-24 04:59:35'),(51,'Zinc oxide plaster 7.5cm','202331',20,1,2170.00,'2','2028-11-30',NULL,'2024-12-24 05:10:16','2024-12-24 05:10:16'),(52,'Zinc oxide plaster 5cm','2024A2',20,1,1640.00,'2','2029-04-30',NULL,'2024-12-24 05:13:08','2024-12-24 05:13:08'),(53,'Zinc sulphate syrup(ZN VITAL) 100mls','LF4009',1,1,1880.00,'5','2026-04-30',NULL,'2024-12-24 05:18:41','2024-12-24 05:18:41'),(54,'Anusol ointment 25g','Y0062',22,1,12300.00,'2','2025-12-30',NULL,'2024-12-24 05:21:40','2024-12-30 19:06:59'),(55,'Ketoconazole shampoo(keto plus)','10232247',8,1,8890.00,'2','2025-07-30',NULL,'2024-12-24 05:27:11','2024-12-24 05:27:11'),(56,'ANUSOL SUPPOSITORIES','2100',22,1,1153.00,'12','2026-03-30',NULL,'2024-12-24 05:33:37','2024-12-24 05:33:37'),(57,'ZINC SULPHATE TAB(PEDZINC)','2206172',1,1,430.00,'5','2025-05-30',NULL,'2024-12-24 05:37:34','2024-12-24 05:37:34'),(58,'MOODS CONDOMS STRAWBERRY','A45S018',1,1,2470.00,'2','2029-02-27',NULL,'2024-12-24 05:43:30','2024-12-24 05:43:30'),(59,'MOODS CONDOMS 3X FUN','BTX45001',1,1,2470.00,'2','2029-03-30',NULL,'2024-12-24 05:46:11','2024-12-24 05:46:11'),(60,'MOODS CONDOMS CHOCO','A45CO18',1,1,2470.00,'2','2029-02-28',NULL,'2024-12-24 05:48:55','2024-12-24 05:48:55'),(61,'MOODS CONDOMS BUBBLEGUM','A45BG012',1,1,2470.00,'2','2029-02-28',NULL,'2024-12-24 05:53:25','2024-12-24 05:53:25'),(62,'MOODS CONDOMS BANANA','A45B018',1,1,2470.00,'2','2029-02-28',NULL,'2024-12-24 05:57:14','2024-12-24 05:57:14'),(63,'ROUGH RIDER EXTREME CONDOMS','2207490316',1,1,3880.00,'2','2027-06-30',NULL,'2024-12-24 06:02:07','2024-12-24 06:02:07'),(64,'KING SIZE CONDOMS','2308062316',1,1,4170.00,'2','2028-07-30',NULL,'2024-12-24 06:06:44','2024-12-24 06:06:44'),(65,'KAMASUTRA CONDOMS CHOCOLATE','20090105',1,1,1500.00,'2','2025-08-30',NULL,'2024-12-24 06:09:46','2024-12-24 06:09:46'),(66,'DUME DESIRE CONDOMS','L26211104',1,1,470.00,'2','2025-10-30',NULL,'2024-12-24 06:13:44','2024-12-24 06:13:44'),(67,'LIFEGUARD CONDOMS','DA2404',1,1,560.00,'5','2028-12-30',NULL,'2024-12-24 06:16:16','2024-12-24 06:16:16'),(68,'KLY GEL','526',1,1,4560.00,'2','2027-02-28',NULL,'2024-12-24 06:19:53','2024-12-24 06:19:53'),(69,'ETAMSYLATE 500MG(SYLATE)','E16T023020',1,1,682.00,'18','2025-10-30',NULL,'2024-12-24 06:25:33','2024-12-24 06:25:33'),(70,'ONE STEP PREGNANCY TEST','9001',1,1,2340.00,'2','2027-08-05',NULL,'2024-12-24 06:29:12','2024-12-24 20:12:39'),(71,'PRENATAL CAPS MEGA','24C09C2',1,1,14130.00,'2','2026-03-08',NULL,'2024-12-24 06:35:02','2024-12-24 06:35:02'),(72,'MICROGYNON PILLS','KTOKTFO',1,1,5950.00,'1','2025-11-30',NULL,'2024-12-24 06:39:11','2024-12-30 19:06:59'),(73,'CLOMIFENE 50MG(CLOMITAB)','CWF007',24,1,268.00,'20','2027-08-30',NULL,'2024-12-24 06:43:37','2024-12-24 06:43:37'),(74,'DELIVERY KIT(SDP)','SDP007',1,1,15000.00,'2','2027-01-30',NULL,'2024-12-24 06:51:39','2024-12-24 06:51:39'),(75,'PREGNANCY TEST(UPT)','SLCPTS033',1,1,130.00,'10','2026-04-30',NULL,'2024-12-24 06:55:32','2024-12-24 06:55:32'),(76,'MISOPROSTOL TAB','4GH0134',1,1,3660.00,'2','2025-12-30',NULL,'2024-12-24 07:00:01','2024-12-24 07:00:01'),(77,'D-ARTEPP 60/480 TAB','SQ240402',1,1,6800.00,'1','2026-04-18',NULL,'2024-12-24 07:04:22','2024-12-24 07:04:22'),(78,'ORODAR TAB','4H34',1,1,2120.00,'2','2028-07-30',NULL,'2024-12-24 07:07:30','2024-12-24 07:07:30'),(79,'EKEFLIN TAB','4G62',1,1,1950.00,'2','2028-06-30',NULL,'2024-12-24 07:10:13','2024-12-24 07:10:13'),(80,'MALAFIN TAB','2309080',1,1,710.00,'2','2025-08-30',NULL,'2024-12-24 07:18:34','2024-12-24 07:18:34'),(81,'WHITFIELD OINTMENT','3C94',8,1,840.00,'3','2026-02-28',NULL,'2024-12-24 07:22:24','2024-12-24 07:22:24'),(82,'SILVERKANT CREAM','SS24015',22,1,1060.00,'3','2027-03-30',NULL,'2024-12-24 07:27:51','2024-12-24 07:27:51'),(83,'DERMOFIX CREAM','V001',22,1,14430.00,'1','2027-12-30',NULL,'2024-12-24 07:31:28','2024-12-24 07:31:28'),(84,'COLGATE MAX,CAVITY 175G','CN121V',1,1,5060.00,'3','2027-04-04',NULL,'2024-12-24 08:39:07','2024-12-24 08:39:07'),(85,'HYDROGEN PEROXIDE M,WASH 3%','SBM24012',38,1,420.00,'3','2027-09-30',NULL,'2024-12-24 08:44:52','2024-12-24 08:44:52'),(86,'COLGATE MAXFRESH COOLING 65G','B14',1,1,2630.00,'3','2027-06-14',NULL,'2024-12-24 08:47:54','2024-12-24 08:47:54'),(87,'COLGATE TRIPLE ACTION 70G','CN123G',1,1,1710.00,'6','2027-07-30',NULL,'2024-12-24 08:58:13','2024-12-24 08:58:13'),(88,'MICONAZOLE ORAL GEL(MICONA)','C141',1,1,2730.00,'2','2027-02-28',NULL,'2024-12-24 09:04:14','2024-12-24 09:04:14'),(89,'ORS ELECTRICAL','084F111',1,1,200.00,'5','2026-05-30',NULL,'2024-12-24 09:07:53','2024-12-24 09:07:53'),(90,'GLIMEPERIDE(GLIMESTAT)','A1FOX001',1,1,162.00,'60','2027-01-31',NULL,'2024-12-24 09:14:02','2024-12-24 09:14:02'),(91,'GLIMEPERIDE AND METFORMIN SR (GLIMMET 2)','GLE2401002',1,1,332.00,'30','2025-12-31',NULL,'2024-12-24 09:17:32','2024-12-24 09:17:32'),(92,'METFORMIN 500MG TABS(METFIL)','M0089',1,1,27.00,'100','2027-04-30',NULL,'2024-12-24 09:20:00','2024-12-24 09:20:00'),(93,'GLIMEPERIDE 1MG AND METFORMIN 500MG(ILET B1)','BRE05158A',1,1,370.00,'60','2026-04-30',NULL,'2024-12-24 09:23:19','2024-12-24 09:23:19'),(94,'METFORMIN 500MG TAB(GLUCOMET)','230850',1,1,28.00,'100','2027-02-28',NULL,'2024-12-24 09:26:03','2024-12-24 09:26:03'),(95,'GLIMEPERIDE 2MG AND METFORMI 500MG(GEMER 2)','JMF0859A',1,1,598.00,'50','2026-08-31',NULL,'2024-12-24 09:29:05','2024-12-24 09:29:05'),(96,'GLIMEPERIDE 2MG AND METFORMIN 500MG (ILET B2)','BRE03136A',1,1,499.00,'60','2026-02-28',NULL,'2024-12-24 09:31:15','2024-12-24 09:31:15'),(97,'DUME CLASSIC CONDOMS','L18230901',1,1,380.00,'10','2027-08-31',NULL,'2024-12-24 09:33:37','2024-12-24 09:33:37'),(98,'TADALAFIL 20MG TABS(SAHEAL)','62223',1,1,4500.00,'3','2026-08-31',NULL,'2024-12-24 09:35:45','2024-12-24 09:35:45'),(99,'SILDENAFIL 50MG TABS (ERECTRO)','KA32438',1,1,1550.00,'2','2026-06-30',NULL,'2024-12-24 09:38:05','2024-12-24 09:38:05'),(100,'CHLORPHENIRAMINE 4MG TABS(CHLORMINE)','OQ4002',1,1,12.00,'200','2027-01-31',NULL,'2024-12-24 09:40:26','2024-12-24 09:40:26'),(101,'HYDROCORTISONE OINTMENT(LUCIN)','241150',22,1,1120.00,'2','2027-05-30',NULL,'2024-12-24 09:47:19','2024-12-24 09:47:19'),(102,'LORATADINE 10MG(LORHISTINA)','230750',1,1,104.00,'60','2027-12-31',NULL,'2024-12-24 09:50:59','2024-12-24 09:50:59'),(103,'ELYVATE CREAM','4G78',22,1,1450.00,'3','2026-06-30',NULL,'2024-12-24 09:54:53','2024-12-24 09:54:53'),(104,'COLDRIL COUGH SYRUP','2404107',1,1,1730.00,'2','2027-03-30',NULL,'2024-12-24 09:57:29','2024-12-24 09:57:29'),(105,'AMOXYCLAV 228.5 100ML(BOOSTIM)','MSB244003',1,1,4560.00,'2','2026-02-28',NULL,'2024-12-24 10:01:05','2024-12-24 10:01:05'),(106,'AMOXYCLAV 156.25 70ML(CLAVAM)','24281202',1,1,5780.00,'2','2026-05-30',NULL,'2024-12-24 10:05:12','2024-12-24 10:05:12'),(107,'FLUMOX SYRUP 100ML','2401412',1,1,7710.00,'2','2026-02-28',NULL,'2024-12-24 10:07:52','2024-12-24 10:07:52'),(108,'AMOXYCLAV 228.5 100ML(CLAVAM)','24281364',1,1,5940.00,'3','2026-05-30',NULL,'2024-12-24 10:10:40','2024-12-24 10:10:40'),(109,'AMOXYCLAV 625MG(INDICLAV)','24520182',1,1,305.00,'28','2026-02-28',NULL,'2024-12-24 10:19:13','2024-12-24 10:19:13'),(110,'AMOXYCLAV 625MG(SPOTCLAV)','ZA319',1,1,335.00,'42','2026-08-30',NULL,'2024-12-24 10:26:04','2024-12-24 10:26:04'),(111,'AMOXYCLAV 625MG(KOACT)','EL5023048A',1,1,289.00,'45','2025-11-30',NULL,'2024-12-24 10:29:47','2024-12-24 10:29:47'),(112,'SEDITON COUGH SYRUP(GREEN)','SE615',1,1,2230.00,'3','2026-10-30',NULL,'2024-12-24 10:34:58','2024-12-24 10:34:58'),(113,'CIFRAN CT TAB','DFF5956A',1,1,550.00,'40','2026-08-30',NULL,'2024-12-24 10:38:01','2024-12-24 10:38:01'),(114,'PROBETA N DROP','FW059K',1,1,1420.00,'3','2026-05-30',NULL,'2024-12-24 10:40:42','2024-12-24 10:40:42'),(115,'HEMOVIT SYRUP 200ML','2409021',1,1,4230.00,'5','2026-08-30',NULL,'2024-12-24 10:43:00','2024-12-24 10:43:00'),(116,'ZECUF HERBAL SYRUP(SUGAR FREE)','FXS23016',1,1,2280.00,'5','2026-07-30',NULL,'2024-12-24 10:47:04','2024-12-24 10:47:04'),(117,'CEFRIAXONE INJ(ALCEF)','2427040',1,1,690.00,'5','2028-02-28',NULL,'2024-12-24 10:50:34','2024-12-24 10:50:34'),(118,'CANDIDERM CREAM 15G','10241828',1,1,2250.00,'3','2027-06-30',NULL,'2024-12-24 10:53:31','2024-12-24 10:53:31'),(119,'FASTUM GEL','4063A',1,1,4540.00,'3','2029-09-30',NULL,'2024-12-24 10:57:31','2024-12-24 10:57:31'),(120,'AMOXICILLIN SUSP(KEMOXYL)','86608',1,1,1020.00,'5','2027-07-30',NULL,'2024-12-24 11:01:59','2024-12-24 11:01:59'),(121,'MAGNESIUM TAB(MAGNOMINT)','241709',1,1,16.00,'200','2028-08-30',NULL,'2024-12-24 11:06:34','2024-12-24 11:06:34'),(122,'GLUCOSE POWDER','24068',1,1,470.00,'2','2026-09-30',NULL,'2024-12-24 11:12:19','2024-12-24 11:12:19'),(123,'ASCARD 75 TAB','AR096J',1,1,60.00,'60','2026-11-30',NULL,'2024-12-24 11:16:45','2024-12-24 11:16:45'),(124,'PRINADOL SYRUP','24121',1,1,970.00,'5','2027-06-30',NULL,'2024-12-24 11:19:33','2024-12-24 11:19:33'),(125,'ZENADOL SYRUP','LU4007',1,1,1020.00,'5','2026-09-30',NULL,'2024-12-24 11:21:54','2024-12-24 11:21:54'),(126,'OMEPRAZOLE CAPS(SEZOL)','CSZ24007',1,1,32.00,'200','2027-03-30',NULL,'2024-12-24 11:24:56','2024-12-24 11:24:56'),(127,'OMEPRAZOLE CAPS(OMESK)','OP24071',1,1,34.00,'200','2027-06-30',NULL,'2024-12-24 11:28:57','2024-12-24 11:28:57'),(128,'LACTEASESOLN 100ML','LB24005',1,1,3750.00,'3','2026-05-30',NULL,'2024-12-24 11:35:08','2024-12-24 11:35:08'),(129,'FLUTICASONE NASAL DROP','E2406023',1,1,11060.00,'2','2027-05-31',NULL,'2024-12-24 11:39:18','2024-12-24 11:39:18'),(130,'QUADRAGEL 15GM GEL TUBE','M0235',1,1,5780.00,'3','2026-04-30',NULL,'2024-12-24 13:05:52','2024-12-24 13:05:52'),(131,'METRONIDAZOLE SUSP(PRINAGYL 100MLS)','240362',1,1,1200.00,'3','2027-09-30',NULL,'2024-12-24 13:09:48','2024-12-24 13:09:48'),(132,'PREGABALIN 50MG CAPSULES(LIGABA)','1309521',1,1,11620.00,'30','2026-09-30',NULL,'2024-12-24 13:18:17','2024-12-24 13:18:17'),(133,'PARACETAMOL 500MG TABS (AGOMOL)','T45087',1,1,15.30,'1000','2027-09-30',NULL,'2024-12-24 13:23:31','2024-12-24 13:23:31'),(134,'HYDROCORTISONE 1% CREAM 15GM(LUCIN PURPLE)','240356',1,1,1100.00,'5','2027-01-31',NULL,'2024-12-24 13:29:11','2024-12-24 13:29:11'),(135,'ERYTHROMYCIN 125MG( ERYTHROKANT )100MLS','EI24003',1,1,1580.00,'5','2027-07-31',NULL,'2024-12-24 13:34:56','2024-12-24 13:34:56'),(136,'ORAL REHYDRATION SALT (PRINCE)','24215',1,1,250.00,'10','2026-06-30',NULL,'2024-12-24 13:42:38','2024-12-24 13:42:38'),(137,'PHARMACOFF CHESTY COUGH SYRUP 100MLS','D437',1,1,1770.00,'3','2027-03-30',NULL,'2024-12-24 13:46:12','2024-12-24 13:46:12'),(138,'CLOTRIMAZOLE VAGINAL CREAM (GYNOSPORIN )35GM','GYE088',1,1,1500.00,'2','2025-12-31',NULL,'2024-12-24 13:50:03','2024-12-24 13:50:03'),(139,'METRONIDAZOLE,MICONAZOLE NITRATE&LIDOCAIN VAGINAL SUPPOSITORIES(INVEL FORTE)','D2AJG002',1,1,16590.00,'0','2026-12-31',NULL,'2024-12-24 13:53:42','2024-12-30 19:06:58'),(140,'DICLOFENAC GELL( DICLORAN) 20GM','74029',1,1,670.00,'5','2027-04-30',NULL,'2024-12-24 13:58:06','2024-12-24 13:58:06'),(141,'TRAMADOL 50 (DOMADOL UNICHEM) TABS','BDOL23027',1,1,1600.00,'20','2026-11-30',NULL,'2024-12-24 14:07:19','2024-12-24 14:07:19'),(142,'BENZOIC ACID OITMENT(WHITE FIELDS OITMENT','24160',1,1,730.00,'5','2027-08-30',NULL,'2024-12-24 14:12:05','2024-12-24 14:12:05'),(143,'TOFF PLUSS','TZ14H0165',1,1,400.00,'347','2025-05-30',NULL,'2024-12-24 14:36:50','2024-12-24 14:36:50'),(144,'SK DERM','BE23261',1,1,2250.00,'5','2026-11-30',NULL,'2024-12-24 14:43:18','2024-12-24 14:43:18'),(145,'FANBACT A CREAM 30GM','TZK042',1,1,2140.00,'5','2026-12-30',NULL,'2024-12-24 14:46:58','2024-12-24 14:46:58'),(146,'GENTRISONE CREAM 10GM','GNTROD027',1,1,2950.00,'3','2026-09-17',NULL,'2024-12-24 14:50:27','2024-12-24 14:50:27'),(147,'MICONAZOLE 400MG( GYNOZOLE PESSARIES 1*3)','221781',1,1,4290.00,'5','2025-04-30',NULL,'2024-12-24 14:54:21','2024-12-24 14:54:21'),(148,'CONTEPO ROUGH RIDER STUDDED CONDOM 3,S','2310381616',1,1,2960.00,'10','2028-09-30',NULL,'2024-12-24 14:59:59','2024-12-24 14:59:59'),(149,'SILDENAFIL (ERECTO) 100MG TABS','4KAD263',1,1,2760.00,'2','2026-10-30',NULL,'2024-12-24 15:03:09','2024-12-24 15:04:31'),(150,'RELCER GELL ANT ACID 180MLS','102440366',1,1,3190.00,'5','2028-12-30',NULL,'2024-12-24 15:31:33','2024-12-24 15:31:33'),(151,'LEVONOGESTREL 0.75MG(1*2) (P2)','8183273',1,1,640.00,'10','2028-03-30',NULL,'2024-12-24 15:45:13','2024-12-24 15:46:15'),(152,'AMPICLOXACILLIN SUSP(AXYLLIN )100MLS','86606',1,1,1720.00,'5','2027-07-31',NULL,'2024-12-24 15:50:20','2024-12-24 15:50:20'),(153,'AMPICLOXACILLIN 500MG (SPAMCLOX)CAPS','SC1635',1,1,106.00,'1000','2026-08-30',NULL,'2024-12-24 15:56:35','2024-12-24 15:56:35'),(154,'IBUPROFEN +PARACETAMOL (TERMIDOL) 100MLS','LK4041',1,1,1880.00,'0','2026-08-31',NULL,'2024-12-24 16:01:27','2024-12-28 09:25:06'),(155,'IBUBRUFEN 100MG/5ML(IBUMEX) 60MLS','241755',1,1,1500.00,'5','2028-08-30',NULL,'2024-12-24 16:04:41','2024-12-24 16:04:41'),(156,'IBUPROFEN 100MG/5ML,100MLS(IBUMEX)','242006',1,1,1750.00,'5','2027-09-30',NULL,'2024-12-24 16:09:56','2024-12-24 16:09:56');
/*!40000 ALTER TABLE `purchases` ENABLE KEYS */;
UNLOCK TABLES;

--
-- Table structure for table `role_has_permissions`
--

DROP TABLE IF EXISTS `role_has_permissions`;
/*!40101 SET @saved_cs_client     = @@character_set_client */;
/*!40101 SET character_set_client = utf8 */;
CREATE TABLE `role_has_permissions` (
  `permission_id` bigint(20) unsigned NOT NULL,
  `role_id` bigint(20) unsigned NOT NULL,
  PRIMARY KEY (`permission_id`,`role_id`),
  KEY `role_has_permissions_role_id_foreign` (`role_id`),
  CONSTRAINT `role_has_permissions_permission_id_foreign` FOREIGN KEY (`permission_id`) REFERENCES `permissions` (`id`) ON DELETE CASCADE,
  CONSTRAINT `role_has_permissions_role_id_foreign` FOREIGN KEY (`role_id`) REFERENCES `roles` (`id`) ON DELETE CASCADE
) ENGINE=InnoDB DEFAULT CHARSET=utf8mb4 COLLATE=utf8mb4_unicode_ci;
/*!40101 SET character_set_client = @saved_cs_client */;

--
-- Dumping data for table `role_has_permissions`
--

LOCK TABLES `role_has_permissions` WRITE;
/*!40000 ALTER TABLE `role_has_permissions` DISABLE KEYS */;
INSERT INTO `role_has_permissions` VALUES (1,1),(1,2),(2,1),(2,2),(2,3),(3,2),(3,3),(4,2),(4,3),(5,1),(5,2),(5,3),(6,1),(6,2),(6,3),(7,1),(7,2),(7,3),(8,2),(8,3),(9,1),(9,2),(9,3),(10,1),(10,2),(11,1),(11,2),(12,1),(12,2),(13,2),(14,1),(14,2),(15,1),(15,2),(16,1),(16,2),(17,2),(18,2),(19,2),(20,2),(21,2),(22,2),(23,2),(24,2),(25,2),(26,2),(27,2),(28,2),(29,2),(30,2),(31,2),(32,2),(33,2),(34,2),(35,1),(35,2),(36,1),(36,2),(37,2),(38,2),(39,2);
/*!40000 ALTER TABLE `role_has_permissions` ENABLE KEYS */;
UNLOCK TABLES;

--
-- Table structure for table `roles`
--

DROP TABLE IF EXISTS `roles`;
/*!40101 SET @saved_cs_client     = @@character_set_client */;
/*!40101 SET character_set_client = utf8 */;
CREATE TABLE `roles` (
  `id` bigint(20) unsigned NOT NULL AUTO_INCREMENT,
  `name` varchar(255) NOT NULL,
  `guard_name` varchar(255) NOT NULL,
  `created_at` timestamp NULL DEFAULT NULL,
  `updated_at` timestamp NULL DEFAULT NULL,
  PRIMARY KEY (`id`),
  UNIQUE KEY `roles_name_guard_name_unique` (`name`,`guard_name`)
) ENGINE=InnoDB AUTO_INCREMENT=4 DEFAULT CHARSET=utf8mb4 COLLATE=utf8mb4_unicode_ci;
/*!40101 SET character_set_client = @saved_cs_client */;

--
-- Dumping data for table `roles`
--

LOCK TABLES `roles` WRITE;
/*!40000 ALTER TABLE `roles` DISABLE KEYS */;
INSERT INTO `roles` VALUES (1,'sales-person','web','2024-12-16 21:06:02','2024-12-16 21:06:02'),(2,'super-admin','web','2024-12-16 21:06:02','2024-12-16 21:06:02'),(3,'pharmacist','web','2024-12-16 21:10:34','2024-12-16 21:10:34');
/*!40000 ALTER TABLE `roles` ENABLE KEYS */;
UNLOCK TABLES;

--
-- Table structure for table `sales`
--

DROP TABLE IF EXISTS `sales`;
/*!40101 SET @saved_cs_client     = @@character_set_client */;
/*!40101 SET character_set_client = utf8 */;
CREATE TABLE `sales` (
  `id` bigint(20) unsigned NOT NULL AUTO_INCREMENT,
  `product_id` bigint(20) unsigned DEFAULT NULL,
  `quantity` int(11) NOT NULL,
  `total_price` decimal(8,2) NOT NULL,
  `discount` decimal(5,2) DEFAULT NULL,
  `final_price` decimal(8,2) DEFAULT 0.00,
  `deleted_at` timestamp NULL DEFAULT NULL,
  `created_at` timestamp NULL DEFAULT NULL,
  `updated_at` timestamp NULL DEFAULT NULL,
  PRIMARY KEY (`id`),
  KEY `sales_product_id_foreign` (`product_id`),
  CONSTRAINT `sales_product_id_foreign` FOREIGN KEY (`product_id`) REFERENCES `products` (`id`) ON DELETE CASCADE
) ENGINE=InnoDB AUTO_INCREMENT=49 DEFAULT CHARSET=utf8mb4 COLLATE=utf8mb4_unicode_ci;
/*!40101 SET character_set_client = @saved_cs_client */;

--
-- Dumping data for table `sales`
--

LOCK TABLES `sales` WRITE;
/*!40000 ALTER TABLE `sales` DISABLE KEYS */;
INSERT INTO `sales` VALUES (8,145,1,5000.00,NULL,0.00,NULL,'2024-12-24 15:04:31','2024-12-24 15:04:31'),(9,7,4,800.00,NULL,0.00,NULL,'2024-12-26 05:17:44','2024-12-26 05:17:44'),(10,7,1,200.00,NULL,0.00,NULL,'2024-12-26 06:05:58','2024-12-26 06:05:58'),(11,40,5,15000.00,NULL,0.00,NULL,'2024-12-26 06:06:47','2024-12-26 06:06:47'),(12,8,4,800.00,NULL,0.00,NULL,'2024-12-26 06:13:45','2024-12-26 06:13:45'),(13,24,3,15000.00,NULL,0.00,NULL,'2024-12-26 06:22:10','2024-12-26 06:22:10'),(14,6,2,600.00,NULL,0.00,NULL,'2024-12-27 10:17:45','2024-12-27 10:17:45'),(15,14,2,6000.00,NULL,0.00,NULL,'2024-12-27 17:38:52','2024-12-27 17:38:52'),(16,34,4,36000.00,NULL,0.00,NULL,'2024-12-27 20:37:45','2024-12-27 20:37:45'),(17,7,1,200.00,NULL,0.00,NULL,'2024-12-27 23:54:18','2024-12-27 23:54:18'),(18,9,1,14000.00,NULL,0.00,NULL,'2024-12-28 00:24:07','2024-12-28 00:24:07'),(19,5,1,200.00,NULL,0.00,NULL,'2024-12-28 00:24:36','2024-12-28 00:24:36'),(20,5,1,200.00,NULL,0.00,'2024-12-28 15:28:47','2024-12-28 00:25:08','2024-12-28 15:28:47'),(21,150,1,15000.00,NULL,0.00,'2024-12-28 15:28:54','2024-12-28 07:35:02','2024-12-28 15:28:54'),(22,150,1,15000.00,NULL,0.00,NULL,'2024-12-28 09:23:33','2024-12-28 09:23:33'),(23,150,3,45000.00,NULL,0.00,'2024-12-28 15:28:41','2024-12-28 09:25:06','2024-12-28 15:28:41'),(24,6,2,600.00,NULL,0.00,NULL,'2024-12-28 21:59:23','2024-12-28 21:59:23'),(25,5,2,384.00,NULL,0.00,NULL,'2024-12-29 02:37:17','2024-12-29 02:56:38'),(26,7,1,200.00,NULL,0.00,NULL,'2024-12-29 03:38:36','2024-12-29 03:38:36'),(27,7,1,194.00,NULL,0.00,NULL,'2024-12-29 04:20:59','2024-12-29 04:20:59'),(28,7,2,388.00,NULL,0.00,NULL,'2024-12-29 04:21:50','2024-12-29 04:21:50'),(29,21,3,8640.00,NULL,0.00,NULL,'2024-12-29 04:21:50','2024-12-29 04:21:50'),(30,7,1,200.00,NULL,0.00,NULL,'2024-12-29 04:34:03','2024-12-29 04:34:03'),(31,7,1,200.00,NULL,0.00,NULL,'2024-12-29 04:37:46','2024-12-29 04:37:46'),(32,17,1,600.00,NULL,0.00,NULL,'2024-12-29 04:37:46','2024-12-29 04:37:46'),(33,7,3,600.00,NULL,0.00,NULL,'2024-12-29 04:41:22','2024-12-29 04:41:22'),(34,15,4,600.00,NULL,0.00,NULL,'2024-12-29 04:41:22','2024-12-29 04:41:22'),(35,7,1,200.00,NULL,0.00,NULL,'2024-12-29 04:43:33','2024-12-29 04:43:33'),(36,19,1,600.00,NULL,0.00,NULL,'2024-12-29 04:43:33','2024-12-29 04:43:33'),(37,6,2,594.00,NULL,0.00,NULL,'2024-12-29 09:58:34','2024-12-29 09:58:34'),(38,17,1,600.00,NULL,0.00,NULL,'2024-12-29 09:58:34','2024-12-29 09:58:34'),(39,20,1,600.00,NULL,0.00,NULL,'2024-12-29 09:58:34','2024-12-29 09:58:34'),(40,5,4,800.00,NULL,0.00,NULL,'2024-12-30 11:11:59','2024-12-30 11:11:59'),(41,23,1,7840.00,NULL,0.00,NULL,'2024-12-30 18:58:50','2024-12-30 18:58:50'),(42,16,4,1940.00,NULL,0.00,NULL,'2024-12-30 18:58:50','2024-12-30 18:58:50'),(43,25,1,30000.00,NULL,0.00,NULL,'2024-12-30 19:06:58','2024-12-30 19:06:58'),(44,34,1,9000.00,NULL,0.00,NULL,'2024-12-30 19:06:58','2024-12-30 19:06:58'),(45,136,1,30000.00,NULL,0.00,NULL,'2024-12-30 19:06:58','2024-12-30 19:06:58'),(46,69,1,7920.00,NULL,0.00,NULL,'2024-12-30 19:06:59','2024-12-30 19:06:59'),(47,52,1,20000.00,NULL,0.00,NULL,'2024-12-30 19:06:59','2024-12-30 19:06:59'),(48,23,1,8000.00,NULL,0.00,NULL,'2024-12-30 19:06:59','2024-12-30 19:06:59');
/*!40000 ALTER TABLE `sales` ENABLE KEYS */;
UNLOCK TABLES;

--
-- Table structure for table `settings`
--

DROP TABLE IF EXISTS `settings`;
/*!40101 SET @saved_cs_client     = @@character_set_client */;
/*!40101 SET character_set_client = utf8 */;
CREATE TABLE `settings` (
  `id` int(10) unsigned NOT NULL AUTO_INCREMENT,
  `name` varchar(255) NOT NULL,
  `val` text DEFAULT NULL,
  `group` varchar(255) NOT NULL DEFAULT 'default',
  `created_at` timestamp NULL DEFAULT NULL,
  `updated_at` timestamp NULL DEFAULT NULL,
  PRIMARY KEY (`id`)
) ENGINE=InnoDB AUTO_INCREMENT=3 DEFAULT CHARSET=utf8mb4 COLLATE=utf8mb4_unicode_ci;
/*!40101 SET character_set_client = @saved_cs_client */;

--
-- Dumping data for table `settings`
--

LOCK TABLES `settings` WRITE;
/*!40000 ALTER TABLE `settings` DISABLE KEYS */;
INSERT INTO `settings` VALUES (1,'app_name','AMIM PHARMACY','default','2024-12-16 21:08:07','2024-12-18 21:45:08'),(2,'app_currency','Tsh','default','2024-12-16 21:08:07','2024-12-16 21:08:07');
/*!40000 ALTER TABLE `settings` ENABLE KEYS */;
UNLOCK TABLES;

--
-- Table structure for table `suppliers`
--

DROP TABLE IF EXISTS `suppliers`;
/*!40101 SET @saved_cs_client     = @@character_set_client */;
/*!40101 SET character_set_client = utf8 */;
CREATE TABLE `suppliers` (
  `id` bigint(20) unsigned NOT NULL AUTO_INCREMENT,
  `name` varchar(255) NOT NULL,
  `email` varchar(255) DEFAULT NULL,
  `phone` varchar(255) DEFAULT NULL,
  `company` varchar(255) DEFAULT NULL,
  `address` varchar(255) DEFAULT NULL,
  `product` varchar(255) DEFAULT NULL,
  `comment` text DEFAULT NULL,
  `created_at` timestamp NULL DEFAULT NULL,
  `updated_at` timestamp NULL DEFAULT NULL,
  PRIMARY KEY (`id`)
) ENGINE=InnoDB AUTO_INCREMENT=2 DEFAULT CHARSET=utf8mb4 COLLATE=utf8mb4_unicode_ci;
/*!40101 SET character_set_client = @saved_cs_client */;

--
-- Dumping data for table `suppliers`
--

LOCK TABLES `suppliers` WRITE;
/*!40000 ALTER TABLE `suppliers` DISABLE KEYS */;
INSERT INTO `suppliers` VALUES (1,'Focus Medical Supplies','focus@gmail.com','1234567890','FOCUS MEDICS SUPPLIES','Posta DSM','Paracetamol','Suppler wa kwanza wa Dawa','2024-12-17 05:16:48','2024-12-22 07:32:50');
/*!40000 ALTER TABLE `suppliers` ENABLE KEYS */;
UNLOCK TABLES;

--
-- Table structure for table `users`
--

DROP TABLE IF EXISTS `users`;
/*!40101 SET @saved_cs_client     = @@character_set_client */;
/*!40101 SET character_set_client = utf8 */;
CREATE TABLE `users` (
  `id` bigint(20) unsigned NOT NULL AUTO_INCREMENT,
  `name` varchar(255) NOT NULL,
  `email` varchar(255) NOT NULL,
  `email_verified_at` timestamp NULL DEFAULT NULL,
  `password` varchar(255) NOT NULL,
  `remember_token` varchar(100) DEFAULT NULL,
  `created_at` timestamp NULL DEFAULT NULL,
  `updated_at` timestamp NULL DEFAULT NULL,
  `avatar` varchar(255) DEFAULT NULL,
  PRIMARY KEY (`id`),
  UNIQUE KEY `users_email_unique` (`email`)
) ENGINE=InnoDB AUTO_INCREMENT=19 DEFAULT CHARSET=utf8mb4 COLLATE=utf8mb4_unicode_ci;
/*!40101 SET character_set_client = @saved_cs_client */;

--
-- Dumping data for table `users`
--

LOCK TABLES `users` WRITE;
/*!40000 ALTER TABLE `users` DISABLE KEYS */;
INSERT INTO `users` VALUES (1,'Rehema','amim@admin.com',NULL,'$2y$10$HeHPUp2ktBNvBfrNbEEuvOmMaoKgC43Hhk2QLpzp3jJW6MUIhgID2',NULL,'2024-12-16 21:06:02','2024-12-21 20:35:37','1734824137.jpg'),(16,'Elisha Haule','elishahaule@gmail.com',NULL,'$2y$10$RTjjysNzfNSrBJumaXfPmO5b/oBAJEwyKIGFl1cZIDw6GTzDovvXG',NULL,'2024-12-22 18:23:45','2024-12-22 18:27:44','1734902864.jpg'),(18,'Elisha Haule','elishahaule199@gmail.com',NULL,'$2y$10$gX5YQNbeJoP90mBG.saEhuJ8Kie.tlulPWJp.nVCCaN2eiSwgrSPu',NULL,'2024-12-23 04:03:36','2024-12-23 04:03:36',NULL);
/*!40000 ALTER TABLE `users` ENABLE KEYS */;
UNLOCK TABLES;
/*!40103 SET TIME_ZONE=@OLD_TIME_ZONE */;

/*!40101 SET SQL_MODE=@OLD_SQL_MODE */;
/*!40014 SET FOREIGN_KEY_CHECKS=@OLD_FOREIGN_KEY_CHECKS */;
/*!40014 SET UNIQUE_CHECKS=@OLD_UNIQUE_CHECKS */;
/*!40101 SET CHARACTER_SET_CLIENT=@OLD_CHARACTER_SET_CLIENT */;
/*!40101 SET CHARACTER_SET_RESULTS=@OLD_CHARACTER_SET_RESULTS */;
/*!40101 SET COLLATION_CONNECTION=@OLD_COLLATION_CONNECTION */;
/*!40111 SET SQL_NOTES=@OLD_SQL_NOTES */;

-- Dump completed on 2024-12-31  9:08:57
